Company,Phone,PhoneFormatted,Stage,LastTouch
13:12 Restoration,4799771312,(479) 977-1312,new,2026-08-03 sourced
24/7 Disaster Group,9187794900,(918) 779-4900,new,2026-08-03 sourced
380 Companies,3197777380,(319) 777-7380,new,2026-08-01 sourced
4-D Home Solutions,4175310635,(417) 531-0635,new,2026-08-01 sourced
777 Restoration LLC,9187773211,(918) 777-3211,new,2026-08-03 sourced
911 Restoration of Central Illinois,3092444178,(309) 244-4178,new,2026-08-01 sourced
911 Restoration of Southern Illinois,6186794021,(618) 679-4021,new,2026-08-01 sourced
A & D Fire/Water Restoration LLC,5739790958,(573) 979-0958,new,2026-08-02 sourced
A-Z Home Services and Restoration,5733170155,(573) 317-0155,new,2026-08-01 sourced
AAS Restoration & Roofing,8168611550,(816) 861-1550,new,2026-08-01 sourced
ABC Carpet Cleaning,8152821222,(815) 282-1222,new,2026-08-02 sourced
ABC Environmental,5739282668,(573) 928-2668,new,2026-08-01 phone verified
Absolute Clean & Restore,5807223035,(580) 722-3035,new,2026-08-05 sourced
Advantage Kwik-Dry (Flood Pros division),8153323299,(815) 332-3299,new,2026-08-02 sourced
All Care Restoration,4024213779,(402) 421-3779,new,2026-08-03 sourced
All Clean Restoration Services Inc,6182353202,(618) 235-3202,new,2026-08-01 sourced
All-Clean USA,8709721922,(870) 972-1922,new,2026-08-05 sourced
Allen's Restoration,5732210107,(573) 221-0107,new,2026-08-02 sourced
Allied Restoration Service,7122040868,(712) 204-0868,new,2026-08-01 sourced
Alpha One Restore,9723639577,(972) 363-9577,new,2026-08-05 sourced
American Hometown Services,2172287563,(217) 228-7563,new,2026-08-01 sourced
American Patriot Restoration,2173423206,(217) 342-3206,new,2026-08-01 sourced
Americlean of Iowa,3193544577,(319) 354-4577,new,2026-08-01 sourced
Ameristeam Restoration,6416329945,(641) 632-9945,new,2026-08-02 sourced
Arkansas Restoration,5017533600,(501) 753-3600,new,2026-07-31 sourced
"Arkansas Restoration Services, Inc.",4799672018,(479) 967-2018,new,2026-08-05 sourced
Armada Disaster Solutions,8555276232,(855) 527-6232,new,2026-08-05 sourced
ARS Restoration (Ark-La-Tex),9038323389,(903) 832-3389,new,2026-08-03 sourced
Atlas Restoration Specialists,3148220090,(314) 822-0090,new,2026-08-01 sourced
B&B Restoration,5734433507,(573) 443-3507,new,2026-08-01 sourced
Ben Davis Restoration,4178609767,(417) 860-9767,new,2026-08-01 sourced
Blaze Restoration Inc,5633244741,(563) 324-4741,new,2026-08-01 sourced
Blumer Restoration,3092352992,(309) 235-2992,new,2026-08-01 sourced
Brilliant Cleaning and Restoration,6202100424,(620) 210-0424,new,2026-08-01 sourced
Brown Restoration,8169949600,(816) 994-9600,new,2026-08-01 sourced
Brown's Floor Care & Restoration,3193377721,(319) 337-7721,new,2026-08-01 sourced
Burggraf Disaster,9185843737,(918) 584-3737,new,2026-07-31 sourced
Burlington Restoration Solutions,3196716640,(319) 671-6640,new,2026-08-02 sourced
Butler Plumbing & Restoration,3165422818,(316) 542-2818,new,2026-08-05 sourced
Century Restoration & Construction,3144875000,(314) 487-5000,new,2026-08-01 sourced
Certified Restoration,8165896300,(816) 589-6300,new,2026-08-01 sourced
Certified Water & Mold Restoration,8168354959,(816) 835-4959,new,2026-08-01 sourced
Chavez Restoration & Cleaning,7852323779,(785) 232-3779,new,2026-08-03 sourced
Chem-Care Carpet and Upholstery Cleaning,2175252233,(217) 525-2233,new,2026-08-04 sourced
Chief Restoration Services,4173373770,(417) 337-3770,new,2026-08-01 sourced
Clean Green Restoration,4173005062,(417) 300-5062,new,2026-08-01 sourced
CLEAN Restoration,2174401292,(217) 440-1292,new,2026-08-01 sourced
Cleaning Restoration Services,9187100609,(918) 710-0609,new,2026-07-31 sourced
Clinton Water Damage Pro,5635036066,(563) 503-6066,new,2026-08-02 sourced
Courtesy Care Restoration,9182336477,(918) 233-6477,new,2026-08-03 sourced
Crown Restoration,6365441330,(636) 544-1330,new,2026-08-01 sourced
Dalmation Cleaning and Restoration,3144230101,(314) 423-0101,new,2026-08-01 sourced
Dalton Brothers Restoration,8166167667,(816) 616-7667,new,2026-08-01 sourced
"Disaster Masters, LLC",5014414087,(501) 441-4087,new,2026-08-05 sourced
Dri Right,5805742383,(580) 574-2383,new,2026-08-05 sourced
DryHero Water & Mold,4024382379,(402) 438-2379,new,2026-08-03 sourced
Dubuque Area Steamatic,5635565821,(563) 556-5821,new,2026-08-01 sourced
Elite Restoration,5152164293,(515) 216-4293,new,2026-08-01 phone found
Emergency Mitigation Services,9137736777,(913) 773-6777,new,2026-08-01 sourced
EnteX Cleaning & Restoration Inc.,8162335557,(816) 233-5557,new,2026-08-04 sourced
Eversafe Restoration LLC,6362199302,(636) 219-9302,new,2026-08-01 sourced
Extremely Clean,4029323257,(402) 932-3257,new,2026-08-03 sourced
Fast Help (Suntide Companies),3145585599,(314) 558-5599,new,2026-08-01 sourced
Fast Restoration,6366813200,(636) 681-3200,new,2026-07-31 sourced
Fine Restoration,8163073972,(816) 307-3972,new,2026-08-01 sourced
First Call Restoration,8168040154,(816) 804-0154,new,2026-08-01 sourced
First Response Restoration,9138392051,(913) 839-2051,new,2026-08-01 sourced
FirstCall Restoration,5159869300,(515) 986-9300,new,2026-08-01 sourced
Five One Five Restoration,5154521876,(515) 452-1876,new,2026-07-31 sourced
Flood Out Restoration,9032352969,(903) 235-2969,new,2026-08-05 sourced
"FloodSERV, Inc.",9184291911,(918) 429-1911,new,2026-08-05 sourced
Franklin Fire Restoration,5739693774,(573) 969-3774,new,2026-08-01 sourced
Freeman General Contracting,2174422281,(217) 442-2281,new,2026-08-01 sourced
Frontier Restoration,9138004980,(913) 800-4980,new,2026-08-01 sourced
H2O Cleaning & Restoration,6182192038,(618) 219-2038,new,2026-08-01 sourced
Hambly & Sons Cleaning & Restoration,3192661629,(319) 266-1629,new,2026-08-01 sourced
HazPro LLC,8162185887,(816) 218-5887,new,2026-08-01 sourced
Healthy Homes LLC,3094189511,(309) 418-9511,new,2026-08-01 sourced
"Heartland Flood, Mold & Restoration",9132133686,(913) 213-3686,new,2026-08-01 sourced
Hoerr Carpet Cleaning and Water Restoration Inc.,3096961170,(309) 696-1170,new,2026-08-04 sourced
Home Pro Services,3193820217,(319) 382-0217,new,2026-08-01 sourced
Illinois Home Solutions,3093002112,(309) 300-2112,new,2026-08-02 sourced
In-Tech Carpet Cleaning & Disaster Restoration,4172572493,(417) 257-2493,new,2026-08-04 sourced
Independent Restoration Services (Lake Ozark),5739646767,(573) 964-6767,new,2026-08-01 sourced
Independent Restoration Services (STL),3144558996,(314) 455-8996,new,2026-08-01 sourced
Innovative Cleaning & Restoration LLC,3143009610,(314) 300-9610,new,2026-08-01 sourced
J.J. Swartz Co,2178772611,(217) 877-2611,new,2026-08-01 sourced
Jefferson Water Restoration,6362639322,(636) 263-9322,new,2026-08-01 sourced
Kelley Construction Contractors,3093466604,(309) 346-6604,new,2026-08-01 sourced
Kelley Klean,5732140990,(573) 214-0990,new,2026-07-31 sourced
Kramer Carpet Cleaning,5635905722,(563) 590-5722,new,2026-08-01 sourced
Kwik Dry LLC,4177256978,(417) 725-6978,new,2026-07-31 sourced
Lake Regional Restoration,5733028739,(573) 302-8739,new,2026-08-01 sourced
Leading Edge Restoration,6186944568,(618) 694-4568,new,2026-08-01 sourced
LMS Restoration,9037843559,(903) 784-3559,new,2026-08-05 sourced
MacPro Restore Cleaning & Restoration,5152576578,(515) 257-6578,new,2026-08-01 sourced
Magna-Dry Central Kansas,6202822267,(620) 282-2267,new,2026-08-05 sourced
"McKee Construction & Abatement, LLC",6412264412,(641) 226-4412,new,2026-08-04 sourced
McMahill & Sons Construction,3096762597,(309) 676-2597,new,2026-08-02 sourced
Menold Construction & Restoration,3092638728,(309) 263-8728,new,2026-08-01 sourced
Midwest Restoration Pros LLC,3142219640,(314) 221-9640,new,2026-08-02 sourced
Missouri Restoration & Construction LLC,5734741788,(573) 474-1788,new,2026-08-01 sourced
Mold Remediation Kansas City Solutions,8163009272,(816) 300-9272,new,2026-08-01 sourced
Mold Solutions (St. Louis),3149936653,(314) 993-6653,new,2026-08-01 sourced
Mr. Restore,8776317576,(877) 631-7576,new,2026-07-31 sourced
MRC Restoration of Southeast Missouri,5732007272,(573) 200-7272,new,2026-08-01 sourced
Murphree Restoration Inc,7853575335,(785) 357-5335,new,2026-08-03 sourced
Mustang Disaster CleanUp,5156203772,(515) 620-3772,new,2026-08-02 sourced
Newton's Cleaning & Restoration,2174421288,(217) 442-1288,new,2026-08-01 sourced
Omaha Damage Repair,4027044921,(402) 704-4921,new,2026-07-31 sourced
On Call Restoration (CIFAL USA),5732408283,(573) 240-8283,new,2026-08-02 sourced
ONIT Cleaning and Restoration,5154082800,(515) 408-2800,new,2026-08-04 sourced
Ozarks Fire and Water Restoration,4172334833,(417) 233-4833,new,2026-08-01 sourced
PacePro Carpet Cleaners and Restoration,2174172255,(217) 417-2255,new,2026-08-04 sourced
Peerless Cleaning & Restoration,2174237704,(217) 423-7704,new,2026-08-01 sourced
Performance Restoration LLC,3196262292,(319) 626-2292,new,2026-08-02 sourced
Phoenix Renovation & Restoration,9135990055,(913) 599-0055,new,2026-08-01 sourced
"Phoenix Restoration Services, Inc.",6202766994,(620) 276-6994,new,2026-08-05 sourced
Power Dry,9135861545,(913) 586-1545,new,2026-07-31 sourced
Power Restoration of Rockford,8157213493,(815) 721-3493,new,2026-08-02 sourced
Premier Restoration,3163914400,(316) 391-4400,new,2026-07-31 sourced
Pride Cleaning & Restoration,3146681223,(314) 668-1223,new,2026-07-31 sourced
ProSteam Branson,4175982080,(417) 598-2080,new,2026-08-02 sourced
RC Restoration LLC,5635433121,(563) 543-3121,new,2026-08-01 sourced
RCC Restoration,6184065121,(618) 406-5121,new,2026-08-01 sourced
Red Carpet Flood Restoration of NE Kansas,7857660439,(785) 766-0439,new,2026-08-03 sourced
Red River Water Restoration,4055659833,(405) 565-9833,new,2026-08-05 sourced
Renew Restoration,8167016628,(816) 701-6628,new,2026-08-01 sourced
Repairs Unlimited (RUI Restoration),9132626937,(913) 262-6937,new,2026-08-01 sourced
Restoration Connection Inc,6189250085,(618) 925-0085,new,2026-08-01 sourced
Restoration Services (RestorationServicesKC),8162865835,(816) 286-5835,new,2026-08-01 sourced
Restoration Warriors,9032781120,(903) 278-1120,new,2026-08-05 sourced
Restore & More,9132474379,(913) 247-4379,new,2026-08-01 sourced
RESTORx (Northern Illinois),8152359606,(815) 235-9606,new,2026-08-04 sourced
Safe Home Restoration of NW Arkansas,4792575960,(479) 257-5960,new,2026-08-03 sourced
Sage Restoration,9139050500,(913) 905-0500,new,2026-07-31 sourced
Sansara 24/7 Restoration & Remodeling,6368123838,(636) 812-3838,new,2026-08-01 sourced
Service Pro Restoration,5155171283,(515) 517-1283,new,2026-08-01 sourced
Service Pros (Service Restore Pro),3192992080,(319) 299-2080,new,2026-08-01 sourced
Shadco Restoration & Reconstruction,3146003001,(314) 600-3001,new,2026-08-01 sourced
Simply Clean of the QC,3097977740,(309) 797-7740,new,2026-08-04 sourced
Siouxland Restoration Inc,7124814325,(712) 481-4325,new,2026-08-01 sourced
Smoke Services Restoration,6182349696,(618) 234-9696,new,2026-07-31 sourced
Srita & Sons Restoration,4799002639,(479) 900-2639,new,2026-08-03 sourced
St. Louis Cleaning & Restoration,3144391665,(314) 439-1665,new,2026-07-31 sourced
SteamPro Restoration,8707934834,(870) 793-4834,new,2026-08-05 sourced
STL Mold Removal,3149364445,(314) 936-4445,new,2026-08-01 sourced
"Stover's Restoration, Inc.",3167225005,(316) 722-5005,new,2026-08-05 sourced
Titan Restoration & Cleaning,9407829211,(940) 782-9211,new,2026-08-05 sourced
Tri Cat Restoration,4172002018,(417) 200-2018,new,2026-08-01 sourced
Tri County Cleaning Systems,3092665755,(309) 266-5755,new,2026-08-01 sourced
True North Restoration of Iowa (Cedar Valley),3192203228,(319) 220-3228,new,2026-08-01 sourced
U.S. Disaster Restoration,5735521972,(573) 552-1972,new,2026-08-01 sourced
Veteran Restoration,4695219511,(469) 521-9511,new,2026-08-05 sourced
Vital Restoration,2176790254,(217) 679-0254,new,2026-08-01 sourced
Vortex Restoration,3165414362,(316) 541-4362,new,2026-07-31 sourced
Wall 2 Wall Restoration,4792526650,(479) 252-6650,new,2026-08-03 sourced
Water Damage Pro of Edwardsville,6188003633,(618) 800-3633,new,2026-08-01 sourced
Water Damage Restoration Eldon,5732260622,(573) 226-0622,new,2026-08-01 sourced
Water Damage Restore,5154200411,(515) 420-0411,new,2026-08-04 sourced
Water Mold Fire Restoration,3142824140,(314) 282-4140,new,2026-08-01 sourced
Werner Restoration Services Inc,5633220535,(563) 322-0535,new,2026-08-01 sourced
X-Treme Carpet Cleaning,6184518044,(618) 451-8044,new,2026-08-04 sourced
